3.462499999999999911e+00,1.202161999999999953e+00,0.000000000000000000e+00,6.383994999999999891e+03,1.233386475000000064e+04,0.000000000000000000e+00,1.131466556400000081e+04,0.000000000000000000e+00,1.739875000000000060e+00,0.000000000000000000e+00,0.000000000000000000e+00,6.099999999999999867e-01,0.000000000000000000e+00
3.462499999999999911e+00,1.182161999999999935e+00,0.000000000000000000e+00,6.383994999999999891e+03,1.233386475000000064e+04,0.000000000000000000e+00,1.274717536099999961e+04,0.000000000000000000e+00,5.080962499999999693e+01,0.000000000000000000e+00,0.000000000000000000e+00,1.762750000000000128e+01,0.000000000000000000e+00
3.462499999999999911e+00,1.192161999999999944e+00,0.000000000000000000e+00,6.383994999999999891e+03,1.233386475000000064e+04,0.000000000000000000e+00,1.114695261600000049e+04,0.000000000000000000e+00,1.175000000000000044e+00,0.000000000000000000e+00,0.000000000000000000e+00,7.000000000000000666e-02,0.000000000000000000e+00
3.462499999999999911e+00,1.179924999999999891e+00,0.000000000000000000e+00,6.383994999999999891e+03,1.233386475000000064e+04,0.000000000000000000e+00,1.468607170600000063e+04,0.000000000000000000e+00,9.633025000000000659e+01,0.000000000000000000e+00,0.000000000000000000e+00,3.341499999999999915e+01,0.000000000000000000e+00
2.626125000000000000e+03,1.471492000000000022e+00,0.000000000000000000e+00,6.712500000000000355e+00,1.114692373000000089e+03,0.000000000000000000e+00,1.039979629999999986e+02,0.000000000000000000e+00,0.000000000000000000e+00,0.000000000000000000e+00,0.000000000000000000e+00,2.750000000000000014e-02,0.000000000000000000e+00
2.626125000000000000e+03,1.471492000000000022e+00,0.000000000000000000e+00,6.712500000000000355e+00,1.114692373000000089e+03,0.000000000000000000e+00,1.015081749999999943e+02,0.000000000000000000e+00,0.000000000000000000e+00,0.000000000000000000e+00,0.000000000000000000e+00,1.499999999999999944e-02,0.000000000000000000e+00
2.626125000000000000e+03,1.471492000000000022e+00,0.000000000000000000e+00,6.712500000000000355e+00,1.114692373000000089e+03,0.000000000000000000e+00,1.010125189999999975e+02,0.000000000000000000e+00,0.000000000000000000e+00,0.000000000000000000e+00,0.000000000000000000e+00,1.250000000000000069e-02,0.000000000000000000e+00
2.626125000000000000e+03,1.471492000000000022e+00,0.000000000000000000e+00,6.712500000000000355e+00,1.114692373000000089e+03,0.000000000000000000e+00,1.174428999999999945e+02,0.000000000000000000e+00,0.000000000000000000e+00,0.000000000000000000e+00,0.000000000000000000e+00,1.675000000000000100e-01,0.000000000000000000e+00
2.626125000000000000e+03,2.202195999999999820e+00,0.000000000000000000e+00,6.712500000000000355e+00,1.041027039000000059e+03,0.000000000000000000e+00,1.312609778600000027e+04,0.000000000000000000e+00,0.000000000000000000e+00,0.000000000000000000e+00,0.000000000000000000e+00,1.625000000000000056e-01,0.000000000000000000e+00
2.626125000000000000e+03,1.902195999999999998e+00,0.000000000000000000e+00,6.712500000000000355e+00,1.041027039000000059e+03,0.000000000000000000e+00,1.291981037199999992e+04,0.000000000000000000e+00,0.000000000000000000e+00,0.000000000000000000e+00,0.000000000000000000e+00,1.250000000000000069e-02,0.000000000000000000e+00
2.626125000000000000e+03,2.302195999999999909e+00,0.000000000000000000e+00,6.712500000000000355e+00,1.041027039000000059e+03,0.000000000000000000e+00,1.337926816999999937e+04,0.000000000000000000e+00,0.000000000000000000e+00,0.000000000000000000e+00,0.000000000000000000e+00,1.300000000000000044e+00,0.000000000000000000e+00
2.628537499999999909e+03,9.858270000000000088e-01,0.000000000000000000e+00,6.712500000000000355e+00,1.041027039000000059e+03,0.000000000000000000e+00,1.284213088699999935e+04,0.000000000000000000e+00,0.000000000000000000e+00,0.000000000000000000e+00,0.000000000000000000e+00,2.000000000000000042e-02,0.000000000000000000e+00
2.628537499999999909e+03,9.858270000000000088e-01,0.000000000000000000e+00,6.712500000000000355e+00,1.041027039000000059e+03,0.000000000000000000e+00,1.283445450499999970e+04,0.000000000000000000e+00,0.000000000000000000e+00,0.000000000000000000e+00,0.000000000000000000e+00,1.499999999999999944e-02,0.000000000000000000e+00
2.628537499999999909e+03,9.858270000000000088e-01,0.000000000000000000e+00,6.712500000000000355e+00,1.041027039000000059e+03,0.000000000000000000e+00,1.285198726999999963e+04,0.000000000000000000e+00,0.000000000000000000e+00,0.000000000000000000e+00,0.000000000000000000e+00,3.500000000000000333e-02,0.000000000000000000e+00
3.180000000000000160e+00,5.309701727199999732e+04,0.000000000000000000e+00,0.000000000000000000e+00,0.000000000000000000e+00,0.000000000000000000e+00,6.683494682999999895e+03,0.000000000000000000e+00,0.000000000000000000e+00,5.649999999999999467e-01,0.000000000000000000e+00,2.099999999999999922e-01,0.000000000000000000e+00
3.180000000000000160e+00,5.636031311499999720e+04,0.000000000000000000e+00,0.000000000000000000e+00,0.000000000000000000e+00,0.000000000000000000e+00,9.993815600000000643e+01,0.000000000000000000e+00,0.000000000000000000e+00,1.000000000000000021e-02,0.000000000000000000e+00,1.499999999999999944e-02,0.000000000000000000e+00
3.180000000000000160e+00,5.309054490800000349e+04,0.000000000000000000e+00,0.000000000000000000e+00,0.000000000000000000e+00,0.000000000000000000e+00,1.377479706989999977e+05,0.000000000000000000e+00,1.191016249999999985e+02,0.000000000000000000e+00,0.000000000000000000e+00,1.080474999999999994e+02,0.000000000000000000e+00
2.626125000000000000e+03,2.434270000000000156e+00,0.000000000000000000e+00,6.712500000000000355e+00,1.114692373000000089e+03,0.000000000000000000e+00,1.096178010000000000e+02,0.000000000000000000e+00,0.000000000000000000e+00,0.000000000000000000e+00,0.000000000000000000e+00,1.750000000000000167e-02,0.000000000000000000e+00
3.632400000000000091e+03,2.434270000000000156e+00,0.000000000000000000e+00,6.712500000000000355e+00,1.069133837000000085e+03,0.000000000000000000e+00,7.686947438999999576e+03,0.000000000000000000e+00,0.000000000000000000e+00,0.000000000000000000e+00,0.000000000000000000e+00,1.750000000000000167e-02,0.000000000000000000e+00
2.626125000000000000e+03,2.434270000000000156e+00,0.000000000000000000e+00,6.712500000000000355e+00,1.114692373000000089e+03,0.000000000000000000e+00,1.958433499999999938e+01,0.000000000000000000e+00,0.000000000000000000e+00,0.000000000000000000e+00,0.000000000000000000e+00,1.750000000000000167e-02,0.000000000000000000e+00
3.632400000000000091e+03,2.434270000000000156e+00,0.000000000000000000e+00,6.712500000000000355e+00,1.069133837000000085e+03,0.000000000000000000e+00,1.033112264599999980e+04,0.000000000000000000e+00,0.000000000000000000e+00,0.000000000000000000e+00,0.000000000000000000e+00,1.750000000000000167e-02,0.000000000000000000e+00
2.626125000000000000e+03,2.434270000000000156e+00,0.000000000000000000e+00,6.712500000000000355e+00,1.114692373000000089e+03,0.000000000000000000e+00,3.473516750000000002e+02,0.000000000000000000e+00,0.000000000000000000e+00,0.000000000000000000e+00,0.000000000000000000e+00,1.750000000000000167e-02,0.000000000000000000e+00
3.632400000000000091e+03,2.431770000000000209e+00,0.000000000000000000e+00,6.712500000000000355e+00,1.069133837000000085e+03,0.000000000000000000e+00,1.031820751500000006e+04,0.000000000000000000e+00,0.000000000000000000e+00,0.000000000000000000e+00,0.000000000000000000e+00,3.876250000000000284e+01,0.000000000000000000e+00
1.225000000000000089e+00,1.190291900000000069e+01,0.000000000000000000e+00,3.835000000000000142e+01,1.869062500000000000e+02,0.000000000000000000e+00,1.292327683400000024e+04,0.000000000000000000e+00,0.000000000000000000e+00,0.000000000000000000e+00,0.000000000000000000e+00,1.499999999999999944e-02,0.000000000000000000e+00
1.225000000000000089e+00,2.355766300000000157e+01,0.000000000000000000e+00,3.835000000000000142e+01,1.869062500000000000e+02,0.000000000000000000e+00,8.772467539999999644e+03,0.000000000000000000e+00,0.000000000000000000e+00,0.000000000000000000e+00,0.000000000000000000e+00,1.499999999999999944e-02,0.000000000000000000e+00
3.682500000000000107e+00,1.523112199999999916e+01,0.000000000000000000e+00,2.490769999999999982e+03,5.273488124999999854e+04,0.000000000000000000e+00,2.871681321999999909e+03,0.000000000000000000e+00,1.851250000000000118e-01,0.000000000000000000e+00,0.000000000000000000e+00,4.000000000000000083e-02,0.000000000000000000e+00
6.386054750000000058e+04,9.256026999999999560e+00,0.000000000000000000e+00,0.000000000000000000e+00,0.000000000000000000e+00,0.000000000000000000e+00,3.088885754999999790e+03,0.000000000000000000e+00,1.217650000000000006e+02,0.000000000000000000e+00,0.000000000000000000e+00,1.499999999999999944e-02,0.000000000000000000e+00
7.097372999999999593e+04,1.555572630000000061e+02,0.000000000000000000e+00,0.000000000000000000e+00,0.000000000000000000e+00,0.000000000000000000e+00,4.664806158999999752e+03,0.000000000000000000e+00,0.000000000000000000e+00,0.000000000000000000e+00,0.000000000000000000e+00,1.499999999999999944e-02,0.000000000000000000e+00
2.297933624999999884e+05,1.168290149999999994e+05,0.000000000000000000e+00,0.000000000000000000e+00,0.000000000000000000e+00,0.000000000000000000e+00,3.294940000000000146e+04,0.000000000000000000e+00,3.869784711249999818e+05,0.000000000000000000e+00,0.000000000000000000e+00,3.304919999999999709e+04,0.000000000000000000e+00
2.297933624999999884e+05,1.168290149999999994e+05,0.000000000000000000e+00,0.000000000000000000e+00,0.000000000000000000e+00,0.000000000000000000e+00,3.294940000000000146e+04,0.000000000000000000e+00,3.869784711249999818e+05,0.000000000000000000e+00,0.000000000000000000e+00,3.304919999999999709e+04,0.000000000000000000e+00
1.181265149999999994e+05,2.851653900000000164e+01,0.000000000000000000e+00,0.000000000000000000e+00,0.000000000000000000e+00,0.000000000000000000e+00,1.405763768999999911e+03,0.000000000000000000e+00,0.000000000000000000e+00,0.000000000000000000e+00,0.000000000000000000e+00,1.750000000000000167e-02,0.000000000000000000e+00
1.181265149999999994e+05,2.745932300000000126e+01,0.000000000000000000e+00,0.000000000000000000e+00,0.000000000000000000e+00,0.000000000000000000e+00,1.379803368999999975e+03,0.000000000000000000e+00,0.000000000000000000e+00,0.000000000000000000e+00,0.000000000000000000e+00,2.000000000000000042e-02,0.000000000000000000e+00
1.149999999999999911e+00,1.333072293190000055e+05,0.000000000000000000e+00,0.000000000000000000e+00,0.000000000000000000e+00,0.000000000000000000e+00,5.764390836899999704e+04,0.000000000000000000e+00,0.000000000000000000e+00,0.000000000000000000e+00,0.000000000000000000e+00,3.629999999999999893e+00,0.000000000000000000e+00
1.149999999999999911e+00,1.333072245119999861e+05,0.000000000000000000e+00,0.000000000000000000e+00,0.000000000000000000e+00,0.000000000000000000e+00,9.043838720899999316e+04,0.000000000000000000e+00,0.000000000000000000e+00,0.000000000000000000e+00,0.000000000000000000e+00,1.793700000000000045e+02,0.000000000000000000e+00
5.081490249999999651e+04,7.724533000000000094e+00,1.475049999999999972e-01,0.000000000000000000e+00,0.000000000000000000e+00,0.000000000000000000e+00,1.904154710799999884e+04,0.000000000000000000e+00,6.866249125000000276e+03,0.000000000000000000e+00,0.000000000000000000e+00,3.500000000000000333e-02,0.000000000000000000e+00
5.081594249999999738e+04,2.903976000000000113e+00,0.000000000000000000e+00,0.000000000000000000e+00,0.000000000000000000e+00,0.000000000000000000e+00,1.193733631699999933e+04,0.000000000000000000e+00,6.876948374999999942e+03,0.000000000000000000e+00,0.000000000000000000e+00,6.099999999999999867e-01,0.000000000000000000e+00
8.920105024999999441e+05,0.000000000000000000e+00,0.000000000000000000e+00,0.000000000000000000e+00,0.000000000000000000e+00,0.000000000000000000e+00,0.000000000000000000e+00,0.000000000000000000e+00,2.128229787500000093e+05,0.000000000000000000e+00,0.000000000000000000e+00,2.057000000000000000e+03,0.000000000000000000e+00
2.628400000000000091e+03,1.862646999999999942e+00,0.000000000000000000e+00,6.712500000000000355e+00,1.114692373000000089e+03,0.000000000000000000e+00,1.730970800000000054e+01,0.000000000000000000e+00,0.000000000000000000e+00,0.000000000000000000e+00,0.000000000000000000e+00,1.750000000000000167e-02,0.000000000000000000e+00
2.628400000000000091e+03,1.862646999999999942e+00,0.000000000000000000e+00,6.712500000000000355e+00,1.114692373000000089e+03,0.000000000000000000e+00,1.730970800000000054e+01,0.000000000000000000e+00,0.000000000000000000e+00,0.000000000000000000e+00,0.000000000000000000e+00,1.750000000000000167e-02,0.000000000000000000e+00
2.796067500000000109e+03,1.859464999999999923e+00,0.000000000000000000e+00,6.712500000000000355e+00,1.100689382000000023e+03,0.000000000000000000e+00,2.315148521000000073e+03,0.000000000000000000e+00,0.000000000000000000e+00,1.499999999999999944e-02,0.000000000000000000e+00,1.750000000000000167e-02,0.000000000000000000e+00
2.796067500000000109e+03,1.854465000000000030e+00,0.000000000000000000e+00,6.712500000000000355e+00,1.100689382000000023e+03,0.000000000000000000e+00,2.331909470999999940e+03,0.000000000000000000e+00,0.000000000000000000e+00,1.049999999999999961e-01,0.000000000000000000e+00,3.850000000000000089e-01,0.000000000000000000e+00
5.875000000000000000e+00,4.957591999999999999e+00,0.000000000000000000e+00,6.383994999999999891e+03,1.311349599999999919e+04,0.000000000000000000e+00,1.759303190999999970e+03,0.000000000000000000e+00,1.349024999999999963e+01,0.000000000000000000e+00,0.000000000000000000e+00,1.750000000000000167e-02,0.000000000000000000e+00
4.825000000000000178e+00,3.424583000000000155e+00,0.000000000000000000e+00,6.383994999999999891e+03,1.233386475000000064e+04,0.000000000000000000e+00,1.052694638599999962e+04,0.000000000000000000e+00,1.174999999999999933e-01,0.000000000000000000e+00,0.000000000000000000e+00,1.499999999999999944e-02,0.000000000000000000e+00
5.875000000000000000e+00,4.048040999999999556e+00,0.000000000000000000e+00,6.383994999999999891e+03,1.312223075000000063e+04,0.000000000000000000e+00,4.208004969999999958e+03,0.000000000000000000e+00,2.059712499999999835e+01,0.000000000000000000e+00,0.000000000000000000e+00,2.500000000000000139e-02,0.000000000000000000e+00
6.962500000000000355e+00,3.031791000000000125e+00,0.000000000000000000e+00,6.383994999999999891e+03,1.233386475000000064e+04,0.000000000000000000e+00,1.268372532900000078e+04,0.000000000000000000e+00,1.089602500000000020e+02,0.000000000000000000e+00,0.000000000000000000e+00,2.124999999999999944e-01,0.000000000000000000e+00
2.412500000000000089e+00,3.554056999999999800e+00,0.000000000000000000e+00,6.383994999999999891e+03,1.233386475000000064e+04,0.000000000000000000e+00,1.052784192699999949e+04,0.000000000000000000e+00,0.000000000000000000e+00,0.000000000000000000e+00,0.000000000000000000e+00,1.750000000000000167e-02,0.000000000000000000e+00
2.412500000000000089e+00,3.554056999999999800e+00,0.000000000000000000e+00,6.383994999999999891e+03,1.233386475000000064e+04,0.000000000000000000e+00,1.052784192699999949e+04,0.000000000000000000e+00,0.000000000000000000e+00,0.000000000000000000e+00,0.000000000000000000e+00,1.750000000000000167e-02,0.000000000000000000e+00
6.962500000000000355e+00,3.031791000000000125e+00,0.000000000000000000e+00,6.383994999999999891e+03,1.233386475000000064e+04,0.000000000000000000e+00,1.402354596200000015e+04,0.000000000000000000e+00,1.721756249999999966e+02,0.000000000000000000e+00,0.000000000000000000e+00,1.757500000000000062e+00,0.000000000000000000e+00
2.967462500000000091e+03,2.800062000000000051e+00,0.000000000000000000e+00,6.712500000000000355e+00,1.093682898999999907e+03,0.000000000000000000e+00,3.380253677000000152e+03,0.000000000000000000e+00,0.000000000000000000e+00,0.000000000000000000e+00,0.000000000000000000e+00,1.499999999999999944e-02,0.000000000000000000e+00
2.632037499999999909e+03,2.807561999999999891e+00,0.000000000000000000e+00,6.712500000000000355e+00,1.107692536000000018e+03,0.000000000000000000e+00,1.153261649999999918e+03,0.000000000000000000e+00,0.000000000000000000e+00,0.000000000000000000e+00,0.000000000000000000e+00,1.499999999999999944e-02,0.000000000000000000e+00
2.967462500000000091e+03,2.800062000000000051e+00,0.000000000000000000e+00,6.712500000000000355e+00,1.093682898999999907e+03,0.000000000000000000e+00,3.388400572000000011e+03,0.000000000000000000e+00,0.000000000000000000e+00,1.000000000000000021e-02,0.000000000000000000e+00,1.499999999999999944e-02,0.000000000000000000e+00
7.366611749999999302e+04,4.416368000000000293e+00,5.868459999999999788e-01,0.000000000000000000e+00,0.000000000000000000e+00,0.000000000000000000e+00,9.092958435000000463e+03,0.000000000000000000e+00,3.874185375000000022e+03,0.000000000000000000e+00,0.000000000000000000e+00,9.500000000000000111e-02,0.000000000000000000e+00
6.523407500000000255e+03,3.595275500000000193e+02,2.539409000000000027e+00,0.000000000000000000e+00,0.000000000000000000e+00,0.000000000000000000e+00,4.081839000000000439e+00,0.000000000000000000e+00,0.000000000000000000e+00,0.000000000000000000e+00,0.000000000000000000e+00,5.500000000000000028e-02,0.000000000000000000e+00
2.412500000000000089e+00,1.069876400000000061e+01,1.077641999999999989e+00,3.977010000000000218e+03,3.932109710000000196e+05,0.000000000000000000e+00,7.412435299999999927e+01,0.000000000000000000e+00,0.000000000000000000e+00,0.000000000000000000e+00,0.000000000000000000e+00,5.600000000000000533e-01,0.000000000000000000e+00
3.452500000000000124e+00,8.735867000000000715e+00,4.386669999999999736e-01,3.977010000000000218e+03,3.375676767499999842e+05,0.000000000000000000e+00,2.884053628000000117e+03,0.000000000000000000e+00,8.501250000000000195e-01,0.000000000000000000e+00,0.000000000000000000e+00,2.279500000000000171e+01,0.000000000000000000e+00
2.626125000000000000e+03,3.426934000000000147e+00,4.548989999999999978e-01,6.712500000000000355e+00,1.114692373000000089e+03,0.000000000000000000e+00,5.170185399999999731e+01,0.000000000000000000e+00,0.000000000000000000e+00,0.000000000000000000e+00,0.000000000000000000e+00,3.850000000000000089e-01,0.000000000000000000e+00
2.626125000000000000e+03,3.421933999999999809e+00,4.548989999999999978e-01,6.712500000000000355e+00,1.114692373000000089e+03,0.000000000000000000e+00,1.257852800999999999e+03,0.000000000000000000e+00,0.000000000000000000e+00,0.000000000000000000e+00,0.000000000000000000e+00,1.300500000000000078e+01,0.000000000000000000e+00
2.626125000000000000e+03,3.424434000000000200e+00,4.548989999999999978e-01,6.712500000000000355e+00,1.114692373000000089e+03,0.000000000000000000e+00,4.833354770000000258e+02,0.000000000000000000e+00,0.000000000000000000e+00,0.000000000000000000e+00,0.000000000000000000e+00,4.889999999999999680e+00,0.000000000000000000e+00
2.626125000000000000e+03,3.426934000000000147e+00,4.548989999999999978e-01,6.712500000000000355e+00,1.114692373000000089e+03,0.000000000000000000e+00,3.620812199999999734e+02,0.000000000000000000e+00,0.000000000000000000e+00,0.000000000000000000e+00,0.000000000000000000e+00,3.629999999999999893e+00,0.000000000000000000e+00
2.626125000000000000e+03,2.932341000000000086e+00,4.854609999999999759e-01,6.712500000000000355e+00,1.114692373000000089e+03,0.000000000000000000e+00,7.331383799999999837e+02,0.000000000000000000e+00,0.000000000000000000e+00,0.000000000000000000e+00,0.000000000000000000e+00,4.500000000000000111e-01,0.000000000000000000e+00
2.626125000000000000e+03,2.466673999999999811e+00,8.953229999999999800e-01,6.712500000000000355e+00,1.114692373000000089e+03,0.000000000000000000e+00,6.065993999999999460e+02,0.000000000000000000e+00,0.000000000000000000e+00,0.000000000000000000e+00,0.000000000000000000e+00,1.499999999999999944e-02,0.000000000000000000e+00
2.626125000000000000e+03,2.466673999999999811e+00,8.953229999999999800e-01,6.712500000000000355e+00,1.114692373000000089e+03,0.000000000000000000e+00,6.065993999999999460e+02,0.000000000000000000e+00,0.000000000000000000e+00,0.000000000000000000e+00,0.000000000000000000e+00,1.499999999999999944e-02,0.000000000000000000e+00
2.626125000000000000e+03,2.466673999999999811e+00,8.953229999999999800e-01,6.712500000000000355e+00,1.114692373000000089e+03,0.000000000000000000e+00,6.065993999999999460e+02,0.000000000000000000e+00,0.000000000000000000e+00,0.000000000000000000e+00,0.000000000000000000e+00,1.250000000000000069e-02,0.000000000000000000e+00
2.626125000000000000e+03,2.929841000000000140e+00,4.854609999999999759e-01,6.712500000000000355e+00,1.114692373000000089e+03,0.000000000000000000e+00,7.304283789999999499e+02,0.000000000000000000e+00,0.000000000000000000e+00,0.000000000000000000e+00,0.000000000000000000e+00,2.722500000000000142e+00,0.000000000000000000e+00
2.626125000000000000e+03,2.466673999999999811e+00,9.285459999999999825e-01,6.712500000000000355e+00,1.114692373000000089e+03,0.000000000000000000e+00,8.478594819999999572e+02,0.000000000000000000e+00,0.000000000000000000e+00,0.000000000000000000e+00,0.000000000000000000e+00,8.449999999999999734e-01,0.000000000000000000e+00
4.825000000000000178e+00,3.395213600000000298e+01,0.000000000000000000e+00,6.383994999999999891e+03,1.233386475000000064e+04,0.000000000000000000e+00,2.198372226040000096e+05,0.000000000000000000e+00,1.068105125000000044e+03,0.000000000000000000e+00,0.000000000000000000e+00,1.750000000000000167e-02,0.000000000000000000e+00
4.825000000000000178e+00,3.856275500000000278e+01,0.000000000000000000e+00,6.383994999999999891e+03,1.311349599999999919e+04,0.000000000000000000e+00,3.300824881000000005e+03,0.000000000000000000e+00,7.025000000000000688e-02,0.000000000000000000e+00,0.000000000000000000e+00,1.750000000000000167e-02,0.000000000000000000e+00
4.825000000000000178e+00,3.519586100000000073e+01,0.000000000000000000e+00,6.383994999999999891e+03,1.233386475000000064e+04,0.000000000000000000e+00,1.376454866000000038e+05,0.000000000000000000e+00,1.322212500000000013e+01,0.000000000000000000e+00,0.000000000000000000e+00,1.675000000000000100e-01,0.000000000000000000e+00
1.181289275000000052e+05,2.778196009999999774e+02,1.378178300000000078e+01,0.000000000000000000e+00,0.000000000000000000e+00,0.000000000000000000e+00,5.827329788000000008e+03,0.000000000000000000e+00,0.000000000000000000e+00,0.000000000000000000e+00,0.000000000000000000e+00,1.499999999999999944e-02,0.000000000000000000e+00
8.024702250000000640e+04,9.035365199999999675e+01,3.092077000000000186e+00,0.000000000000000000e+00,0.000000000000000000e+00,0.000000000000000000e+00,4.673644340000000170e+02,0.000000000000000000e+00,0.000000000000000000e+00,0.000000000000000000e+00,0.000000000000000000e+00,1.499999999999999944e-02,0.000000000000000000e+00
3.562500000000000000e+00,1.333364618889999983e+05,3.044754999999999878e+00,0.000000000000000000e+00,0.000000000000000000e+00,0.000000000000000000e+00,1.178760010460000049e+05,0.000000000000000000e+00,0.000000000000000000e+00,0.000000000000000000e+00,0.000000000000000000e+00,1.499999999999999944e-02,0.000000000000000000e+00
3.562500000000000000e+00,1.333362090819999867e+05,3.043019999999999836e+00,0.000000000000000000e+00,0.000000000000000000e+00,0.000000000000000000e+00,2.740763587599999737e+05,0.000000000000000000e+00,0.000000000000000000e+00,0.000000000000000000e+00,0.000000000000000000e+00,1.278500000000000014e+01,0.000000000000000000e+00
3.635587500000000091e+03,2.892821999999999782e+00,4.548989999999999978e-01,6.712500000000000355e+00,1.069133837000000085e+03,0.000000000000000000e+00,7.708492489000000205e+03,0.000000000000000000e+00,0.000000000000000000e+00,0.000000000000000000e+00,0.000000000000000000e+00,1.250000000000000069e-02,0.000000000000000000e+00
3.635587500000000091e+03,3.352457999999999938e+00,0.000000000000000000e+00,6.712500000000000355e+00,1.069133837000000085e+03,0.000000000000000000e+00,7.703028723000000355e+03,0.000000000000000000e+00,0.000000000000000000e+00,0.000000000000000000e+00,0.000000000000000000e+00,1.250000000000000069e-02,0.000000000000000000e+00
3.971012499999999818e+03,3.347458000000000045e+00,0.000000000000000000e+00,6.712500000000000355e+00,1.058600165000000061e+03,0.000000000000000000e+00,9.802560385999999198e+03,0.000000000000000000e+00,0.000000000000000000e+00,0.000000000000000000e+00,0.000000000000000000e+00,1.499999999999999944e-02,0.000000000000000000e+00
2.628400000000000091e+03,3.576883000000000035e+00,0.000000000000000000e+00,6.712500000000000355e+00,1.114692373000000089e+03,0.000000000000000000e+00,1.732220799999999983e+01,0.000000000000000000e+00,0.000000000000000000e+00,0.000000000000000000e+00,0.000000000000000000e+00,1.750000000000000167e-02,0.000000000000000000e+00
2.628400000000000091e+03,3.276883000000000212e+00,0.000000000000000000e+00,6.712500000000000355e+00,1.114692373000000089e+03,0.000000000000000000e+00,1.732220799999999983e+01,0.000000000000000000e+00,0.000000000000000000e+00,0.000000000000000000e+00,0.000000000000000000e+00,1.750000000000000167e-02,0.000000000000000000e+00
2.628400000000000091e+03,3.626882999999999857e+00,0.000000000000000000e+00,6.712500000000000355e+00,1.114692373000000089e+03,0.000000000000000000e+00,1.734720799999999841e+01,0.000000000000000000e+00,0.000000000000000000e+00,0.000000000000000000e+00,0.000000000000000000e+00,1.750000000000000167e-02,0.000000000000000000e+00
2.968502500000000055e+03,3.609046000000000198e+00,0.000000000000000000e+00,6.712500000000000355e+00,1.093682898999999907e+03,0.000000000000000000e+00,3.384996243000000050e+03,0.000000000000000000e+00,0.000000000000000000e+00,1.000000000000000021e-02,0.000000000000000000e+00,1.750000000000000167e-02,0.000000000000000000e+00
2.968502500000000055e+03,3.609046000000000198e+00,0.000000000000000000e+00,6.712500000000000355e+00,1.093682898999999907e+03,0.000000000000000000e+00,3.383663010000000213e+03,0.000000000000000000e+00,0.000000000000000000e+00,1.000000000000000021e-02,0.000000000000000000e+00,1.750000000000000167e-02,0.000000000000000000e+00
2.968502500000000055e+03,3.909046000000000021e+00,0.000000000000000000e+00,6.712500000000000355e+00,1.093682898999999907e+03,0.000000000000000000e+00,3.388463073999999779e+03,0.000000000000000000e+00,0.000000000000000000e+00,1.000000000000000021e-02,0.000000000000000000e+00,1.750000000000000167e-02,0.000000000000000000e+00
2.968502500000000055e+03,3.786093999999999848e+00,0.000000000000000000e+00,6.712500000000000355e+00,1.093682898999999907e+03,0.000000000000000000e+00,3.388513072000000193e+03,0.000000000000000000e+00,0.000000000000000000e+00,1.000000000000000021e-02,0.000000000000000000e+00,1.750000000000000167e-02,0.000000000000000000e+00
2.083997499999999945e+03,4.553830999999999740e+00,5.861720000000000264e-01,7.792817500000000109e+03,4.237607624999999825e+04,0.000000000000000000e+00,7.629626667999999881e+03,0.000000000000000000e+00,1.915445500000000038e+03,0.000000000000000000e+00,0.000000000000000000e+00,1.499999999999999944e-02,0.000000000000000000e+00
2.967139999999999873e+03,3.446441999999999783e+00,0.000000000000000000e+00,6.712500000000000355e+00,1.093682898999999907e+03,0.000000000000000000e+00,3.387427466000000095e+03,0.000000000000000000e+00,0.000000000000000000e+00,0.000000000000000000e+00,0.000000000000000000e+00,1.499999999999999944e-02,0.000000000000000000e+00
2.087467500000000200e+03,5.965416000000000274e+00,4.386669999999999736e-01,0.000000000000000000e+00,0.000000000000000000e+00,0.000000000000000000e+00,8.356908640499999456e+04,0.000000000000000000e+00,8.286333750000000009e+02,0.000000000000000000e+00,0.000000000000000000e+00,3.500000000000000333e-02,0.000000000000000000e+00
2.797400000000000091e+03,7.889913699999999608e+01,2.078117000000000214e+00,6.712500000000000355e+00,1.100689382000000023e+03,0.000000000000000000e+00,2.867233450000000175e+03,0.000000000000000000e+00,0.000000000000000000e+00,0.000000000000000000e+00,0.000000000000000000e+00,1.750000000000000167e-02,0.000000000000000000e+00
6.523517499999999927e+03,4.320273320000000012e+02,2.078117000000000214e+00,0.000000000000000000e+00,0.000000000000000000e+00,0.000000000000000000e+00,1.992130500000000026e+01,0.000000000000000000e+00,0.000000000000000000e+00,0.000000000000000000e+00,0.000000000000000000e+00,1.750000000000000167e-02,0.000000000000000000e+00
3.134087500000000091e+03,4.710156800000000032e+01,0.000000000000000000e+00,6.712500000000000355e+00,1.086673076999999921e+03,0.000000000000000000e+00,4.580828647000000274e+03,0.000000000000000000e+00,0.000000000000000000e+00,0.000000000000000000e+00,0.000000000000000000e+00,2.000000000000000042e-02,0.000000000000000000e+00
3.134087500000000091e+03,4.710656800000000288e+01,0.000000000000000000e+00,6.712500000000000355e+00,1.086673076999999921e+03,0.000000000000000000e+00,4.525202384000000166e+03,0.000000000000000000e+00,0.000000000000000000e+00,0.000000000000000000e+00,0.000000000000000000e+00,2.000000000000000042e-02,0.000000000000000000e+00
3.469512499999999818e+03,4.730156800000000317e+01,0.000000000000000000e+00,6.712500000000000355e+00,1.076152057000000013e+03,0.000000000000000000e+00,6.801839197000000240e+03,0.000000000000000000e+00,0.000000000000000000e+00,0.000000000000000000e+00,0.000000000000000000e+00,2.000000000000000042e-02,0.000000000000000000e+00
2.087460000000000036e+03,6.369228999999999807e+00,0.000000000000000000e+00,0.000000000000000000e+00,0.000000000000000000e+00,0.000000000000000000e+00,7.225543168999999580e+03,0.000000000000000000e+00,9.129191250000000082e+02,0.000000000000000000e+00,0.000000000000000000e+00,2.000000000000000042e-02,0.000000000000000000e+00
2.967150000000000091e+03,3.391582000000000097e+00,4.548989999999999978e-01,6.712500000000000355e+00,1.093682898999999907e+03,0.000000000000000000e+00,3.388052419999999984e+03,0.000000000000000000e+00,0.000000000000000000e+00,0.000000000000000000e+00,0.000000000000000000e+00,1.750000000000000167e-02,0.000000000000000000e+00
6.055284999999999854e+03,4.572665999999999897e+00,4.548989999999999978e-01,0.000000000000000000e+00,0.000000000000000000e+00,0.000000000000000000e+00,7.695455294000000322e+03,0.000000000000000000e+00,1.008647500000000036e+03,0.000000000000000000e+00,0.000000000000000000e+00,1.750000000000000167e-02,0.000000000000000000e+00
4.375000000000000000e+00,6.345310610000000452e+03,0.000000000000000000e+00,3.835000000000000142e+01,1.869062500000000000e+02,0.000000000000000000e+00,9.531363450000000057e+02,-6.010724562000000333e+03,2.195612500000000011e+01,0.000000000000000000e+00,9.331409800000000132e+01,1.750000000000000167e-02,0.000000000000000000e+00
4.375000000000000000e+00,7.311044469000000390e+03,0.000000000000000000e+00,0.000000000000000000e+00,0.000000000000000000e+00,0.000000000000000000e+00,5.382264514000000418e+03,-1.044808012699999927e+04,1.939300000000000068e+01,1.499999999999999944e-02,0.000000000000000000e+00,1.750000000000000167e-02,0.000000000000000000e+00
4.375000000000000000e+00,7.304553002999999990e+03,0.000000000000000000e+00,0.000000000000000000e+00,0.000000000000000000e+00,0.000000000000000000e+00,4.672325654000000213e+04,-5.068570388799999637e+04,2.758174999999999955e+01,5.000000000000000104e-03,0.000000000000000000e+00,1.750000000000000167e-02,0.000000000000000000e+00
2.970602499999999964e+03,4.367259999999999920e+00,0.000000000000000000e+00,6.712500000000000355e+00,1.093682898999999907e+03,0.000000000000000000e+00,3.391870270999999775e+03,0.000000000000000000e+00,0.000000000000000000e+00,1.000000000000000021e-02,0.000000000000000000e+00,1.750000000000000167e-02,0.000000000000000000e+00
2.970602499999999964e+03,4.065023000000000053e+00,0.000000000000000000e+00,6.712500000000000355e+00,1.093682898999999907e+03,0.000000000000000000e+00,3.382705270999999811e+03,0.000000000000000000e+00,0.000000000000000000e+00,0.000000000000000000e+00,0.000000000000000000e+00,1.750000000000000167e-02,0.000000000000000000e+00
2.970602499999999964e+03,4.365022999999999875e+00,0.000000000000000000e+00,6.712500000000000355e+00,1.093682898999999907e+03,0.000000000000000000e+00,3.386433649000000059e+03,0.000000000000000000e+00,0.000000000000000000e+00,0.000000000000000000e+00,0.000000000000000000e+00,1.750000000000000167e-02,0.000000000000000000e+00
2.634199999999999818e+03,1.216362740000000002e+02,2.894039999999999946e+00,6.712500000000000355e+00,1.114692373000000089e+03,0.000000000000000000e+00,5.402490900000000238e+02,0.000000000000000000e+00,0.000000000000000000e+00,0.000000000000000000e+00,0.000000000000000000e+00,1.750000000000000167e-02,0.000000000000000000e+00
2.634199999999999818e+03,1.215420119999999997e+02,2.869829000000000185e+00,6.712500000000000355e+00,1.114692373000000089e+03,0.000000000000000000e+00,7.614579700000000173e+01,0.000000000000000000e+00,0.000000000000000000e+00,0.000000000000000000e+00,0.000000000000000000e+00,1.750000000000000167e-02,0.000000000000000000e+00
2.634199999999999818e+03,1.216656440000000003e+02,2.892841999999999913e+00,6.712500000000000355e+00,1.114692373000000089e+03,0.000000000000000000e+00,9.325232690000000275e+02,0.000000000000000000e+00,0.000000000000000000e+00,0.000000000000000000e+00,0.000000000000000000e+00,1.750000000000000167e-02,0.000000000000000000e+00
3.471612500000000182e+03,4.826398900000000225e+01,0.000000000000000000e+00,6.712500000000000355e+00,1.076152057000000013e+03,0.000000000000000000e+00,6.722186633999999685e+03,0.000000000000000000e+00,0.000000000000000000e+00,0.000000000000000000e+00,0.000000000000000000e+00,2.000000000000000042e-02,0.000000000000000000e+00
3.471612500000000182e+03,4.826945500000000067e+01,0.000000000000000000e+00,6.712500000000000355e+00,1.076152057000000013e+03,0.000000000000000000e+00,6.712914945999999873e+03,0.000000000000000000e+00,0.000000000000000000e+00,0.000000000000000000e+00,0.000000000000000000e+00,2.000000000000000042e-02,0.000000000000000000e+00
3.471612500000000182e+03,4.845945499999999839e+01,0.000000000000000000e+00,6.712500000000000355e+00,1.076152057000000013e+03,0.000000000000000000e+00,6.805220616999999947e+03,0.000000000000000000e+00,0.000000000000000000e+00,0.000000000000000000e+00,0.000000000000000000e+00,2.000000000000000042e-02,0.000000000000000000e+00
3.469512499999999818e+03,6.024969300000000061e+01,0.000000000000000000e+00,6.712500000000000355e+00,1.076152057000000013e+03,0.000000000000000000e+00,6.826816023999999743e+03,0.000000000000000000e+00,0.000000000000000000e+00,0.000000000000000000e+00,0.000000000000000000e+00,2.000000000000000042e-02,0.000000000000000000e+00
3.469512499999999818e+03,6.068968999999999880e+01,0.000000000000000000e+00,6.712500000000000355e+00,1.076152057000000013e+03,0.000000000000000000e+00,6.778852017999999589e+03,0.000000000000000000e+00,0.000000000000000000e+00,0.000000000000000000e+00,0.000000000000000000e+00,2.000000000000000042e-02,0.000000000000000000e+00
3.469512499999999818e+03,6.044719299999999862e+01,0.000000000000000000e+00,6.712500000000000355e+00,1.076152057000000013e+03,0.000000000000000000e+00,6.826816023999999743e+03,0.000000000000000000e+00,0.000000000000000000e+00,0.000000000000000000e+00,0.000000000000000000e+00,2.000000000000000042e-02,0.000000000000000000e+00
2.627304999999999836e+03,5.056554000000000215e+00,0.000000000000000000e+00,6.712500000000000355e+00,1.114692373000000089e+03,0.000000000000000000e+00,6.166765199999999680e+01,0.000000000000000000e+00,0.000000000000000000e+00,8.999999999999999667e-02,0.000000000000000000e+00,8.500000000000000611e-02,0.000000000000000000e+00
2.627304999999999836e+03,5.056554000000000215e+00,0.000000000000000000e+00,6.712500000000000355e+00,1.114692373000000089e+03,0.000000000000000000e+00,6.166765199999999680e+01,0.000000000000000000e+00,0.000000000000000000e+00,8.999999999999999667e-02,0.000000000000000000e+00,8.500000000000000611e-02,0.000000000000000000e+00
4.677174999999999727e+02,4.386153914800000348e+04,0.000000000000000000e+00,0.000000000000000000e+00,0.000000000000000000e+00,0.000000000000000000e+00,1.207402160000000038e+02,-4.148778776199999993e+04,1.379992499999999893e+02,0.000000000000000000e+00,3.196928090000000111e+02,2.500000000000000139e-02,0.000000000000000000e+00
3.637500000000000178e+00,4.385237013100000331e+04,0.000000000000000000e+00,3.835000000000000142e+01,1.869062500000000000e+02,0.000000000000000000e+00,1.529164539999999874e+02,-4.162883279400000174e+04,1.356400000000000006e+01,0.000000000000000000e+00,9.331409800000000132e+01,2.500000000000000139e-02,0.000000000000000000e+00
4.666299999999999955e+02,4.384968438600000081e+04,0.000000000000000000e+00,0.000000000000000000e+00,0.000000000000000000e+00,0.000000000000000000e+00,2.795151309999999967e+02,-4.148778776199999993e+04,1.379992499999999893e+02,0.000000000000000000e+00,3.196928090000000111e+02,2.500000000000000139e-02,0.000000000000000000e+00
6.785138999999999942e+04,2.641705725000000093e+05,0.000000000000000000e+00,1.239597999999999956e+04,4.454483499999999913e+04,0.000000000000000000e+00,0.000000000000000000e+00,0.000000000000000000e+00,2.035628758749999979e+05,0.000000000000000000e+00,0.000000000000000000e+00,7.274957500000000437e+03,0.000000000000000000e+00
6.785138999999999942e+04,4.586828099999999977e+05,0.000000000000000000e+00,1.837015000000000100e+03,3.726379450000000361e+04,0.000000000000000000e+00,0.000000000000000000e+00,0.000000000000000000e+00,2.219638628749999916e+05,0.000000000000000000e+00,0.000000000000000000e+00,1.870787499999999909e+03,0.000000000000000000e+00
7.963532800000000279e+05,1.028980699999999970e+01,6.046300000000000008e-01,0.000000000000000000e+00,0.000000000000000000e+00,0.000000000000000000e+00,1.538984587549999997e+05,0.000000000000000000e+00,0.000000000000000000e+00,5.999999999999999778e-02,0.000000000000000000e+00,7.018300000000000409e+02,0.000000000000000000e+00
8.639551800000000512e+05,9.843690000000000495e-01,7.861089999999999467e-01,0.000000000000000000e+00,0.000000000000000000e+00,0.000000000000000000e+00,8.116745173800000339e+04,0.000000000000000000e+00,1.286612737500000003e+04,5.999999999999999778e-02,0.000000000000000000e+00,3.832989999999999782e+03,0.000000000000000000e+00
9.910811749999999302e+04,2.110799999999999788e+00,6.168209999999999527e-01,0.000000000000000000e+00,0.000000000000000000e+00,0.000000000000000000e+00,2.074718772590000008e+05,0.000000000000000000e+00,2.389152750000000015e+04,0.000000000000000000e+00,0.000000000000000000e+00,1.475454999999999927e+03,0.000000000000000000e+00
9.910811749999999302e+04,2.452961999999999865e+00,6.606260000000000465e-01,0.000000000000000000e+00,0.000000000000000000e+00,0.000000000000000000e+00,4.504554339109999710e+05,0.000000000000000000e+00,2.412562874999999985e+04,0.000000000000000000e+00,0.000000000000000000e+00,2.800414999999999964e+03,0.000000000000000000e+00
4.549999999999999822e+00,3.031791000000000125e+00,0.000000000000000000e+00,6.383994999999999891e+03,1.233386475000000064e+04,0.000000000000000000e+00,1.253712448000000040e+04,0.000000000000000000e+00,1.005912500000000023e+02,0.000000000000000000e+00,0.000000000000000000e+00,4.075000000000000178e+00,0.000000000000000000e+00
4.216090999999999767e+05,8.354191999999999396e+00,2.433648999999999951e+00,0.000000000000000000e+00,0.000000000000000000e+00,0.000000000000000000e+00,4.631886102000000392e+03,0.000000000000000000e+00,0.000000000000000000e+00,0.000000000000000000e+00,0.000000000000000000e+00,1.452800000000000011e+02,0.000000000000000000e+00
6.760294999999999709e+04,4.982570999999999913e+04,0.000000000000000000e+00,0.000000000000000000e+00,0.000000000000000000e+00,0.000000000000000000e+00,6.721520000000000437e+03,0.000000000000000000e+00,2.107999124999999913e+04,0.000000000000000000e+00,0.000000000000000000e+00,6.530275000000000318e+02,0.000000000000000000e+00
2.626125000000000000e+03,2.202195999999999820e+00,0.000000000000000000e+00,6.712500000000000355e+00,1.041027039000000059e+03,0.000000000000000000e+00,1.312609778600000027e+04,0.000000000000000000e+00,0.000000000000000000e+00,0.000000000000000000e+00,0.000000000000000000e+00,1.625000000000000056e-01,0.000000000000000000e+00
1.624806375000000116e+05,0.000000000000000000e+00,0.000000000000000000e+00,0.000000000000000000e+00,0.000000000000000000e+00,0.000000000000000000e+00,0.000000000000000000e+00,0.000000000000000000e+00,1.027617913750000007e+05,0.000000000000000000e+00,0.000000000000000000e+00,1.693800000000000000e+04,0.000000000000000000e+00
1.624806375000000116e+05,0.000000000000000000e+00,0.000000000000000000e+00,0.000000000000000000e+00,0.000000000000000000e+00,0.000000000000000000e+00,0.000000000000000000e+00,0.000000000000000000e+00,8.541445574999999371e+04,0.000000000000000000e+00,0.000000000000000000e+00,9.184110000000000582e+03,0.000000000000000000e+00
3.470582499999999982e+03,3.135737200000000158e+01,0.000000000000000000e+00,6.712500000000000355e+00,1.076152057000000013e+03,0.000000000000000000e+00,6.652573749000000134e+03,0.000000000000000000e+00,0.000000000000000000e+00,0.000000000000000000e+00,0.000000000000000000e+00,2.000000000000000042e-02,0.000000000000000000e+00
3.470582499999999982e+03,3.136487199999999831e+01,0.000000000000000000e+00,6.712500000000000355e+00,1.076152057000000013e+03,0.000000000000000000e+00,6.635133592999999564e+03,0.000000000000000000e+00,0.000000000000000000e+00,0.000000000000000000e+00,0.000000000000000000e+00,2.000000000000000042e-02,0.000000000000000000e+00
7.232183749999999418e+04,1.514234999999999998e+00,4.854609999999999759e-01,0.000000000000000000e+00,0.000000000000000000e+00,0.000000000000000000e+00,6.992843433400000504e+04,0.000000000000000000e+00,1.189263199999999961e+04,0.000000000000000000e+00,0.000000000000000000e+00,2.250000000000000056e-01,0.000000000000000000e+00
7.232183749999999418e+04,1.514234999999999998e+00,4.854609999999999759e-01,0.000000000000000000e+00,0.000000000000000000e+00,0.000000000000000000e+00,6.996539343300000473e+04,0.000000000000000000e+00,1.189263199999999961e+04,0.000000000000000000e+00,0.000000000000000000e+00,2.525000000000000022e-01,0.000000000000000000e+00
4.825000000000000178e+00,3.836778400000000033e+01,1.078575000000000061e+00,3.056532749999999942e+04,3.971842942499999772e+05,0.000000000000000000e+00,7.799421488699999463e+04,0.000000000000000000e+00,5.274149999999999636e+02,0.000000000000000000e+00,0.000000000000000000e+00,7.000000000000000666e-02,0.000000000000000000e+00
4.825000000000000178e+00,2.426289429999999925e+02,8.127105999999999497e+00,2.490769999999999982e+03,5.475459850000000006e+04,0.000000000000000000e+00,5.631153435000000172e+03,0.000000000000000000e+00,0.000000000000000000e+00,0.000000000000000000e+00,0.000000000000000000e+00,2.000000000000000042e-02,0.000000000000000000e+00
4.825000000000000178e+00,5.004717000000000304e+00,0.000000000000000000e+00,6.383994999999999891e+03,1.484268024999999943e+04,0.000000000000000000e+00,1.895541550199999983e+04,0.000000000000000000e+00,9.414374999999999716e+00,0.000000000000000000e+00,0.000000000000000000e+00,4.650000000000000244e-01,0.000000000000000000e+00
4.825000000000000178e+00,3.926950000000000163e+00,0.000000000000000000e+00,6.383994999999999891e+03,1.486555925000000025e+04,0.000000000000000000e+00,7.526237614100000064e+04,0.000000000000000000e+00,4.616677500000000123e+02,0.000000000000000000e+00,0.000000000000000000e+00,2.251000000000000156e+01,0.000000000000000000e+00
4.948044050000000279e+05,3.053167300000000139e+01,2.454936000000000007e+00,0.000000000000000000e+00,0.000000000000000000e+00,0.000000000000000000e+00,3.329044439400000265e+05,0.000000000000000000e+00,8.684022499999999127e+03,0.000000000000000000e+00,0.000000000000000000e+00,1.309999999999999964e+01,0.000000000000000000e+00
4.355311250000000000e+05,2.202465029999999899e+02,6.307730000000000281e+00,0.000000000000000000e+00,0.000000000000000000e+00,0.000000000000000000e+00,1.800830201320000051e+05,0.000000000000000000e+00,1.142975712500000009e+04,0.000000000000000000e+00,0.000000000000000000e+00,1.283999999999999986e+01,0.000000000000000000e+00
8.810062500000000000e+04,3.161024799999999857e+01,6.261530999999999736e+00,2.807455749999999898e+04,3.744679707499999786e+05,0.000000000000000000e+00,3.890186321410000091e+05,0.000000000000000000e+00,8.223036000000000058e+03,0.000000000000000000e+00,1.475462839999999915e+03,1.594950000000000045e+02,0.000000000000000000e+00
8.810062500000000000e+04,2.254216889999999864e+02,1.017870000000000053e+00,2.807455749999999898e+04,3.441122249999999767e+05,0.000000000000000000e+00,1.784930837140000076e+05,0.000000000000000000e+00,5.751267499999999927e+03,0.000000000000000000e+00,4.406962999999999653e+01,7.049999999999999822e+00,0.000000000000000000e+00
